ID,Title,Description,status
6765b7d7e776dc03dc4eef78,record 170.232591975451056140.383612892466945960.5779296266033689,test new2,new
6765b7d7e776dc03dc4eeh88,record 170.232591975451056140.383612892466945960.5779296266033689,test new1,new
6765b7d7e776dc03dc4eef4e,reco10.26852810650310930.68421557197913720.5266001167759251,test 1111,updated
6765b7d7e776dc03dc4eef50,rec 30.499101780206026470.79275823402113850.3415569530227256254,test 3,updated
6765b7d7e776dc03dc4eef51,record 40.90585107214719730.85403220630834720.3499377649872266,test 4444,updated
6765b7d7e776dc03dc4eef54,reco 70.73847968993298710.11214561572591330.6880992255592477544,test 7777,updated
6765b7d7e776dc03dc4eef57,record 100.0262567554580945830.63262534946000830.9911883845023728,test 10222,updated
6765b7d7e776dc03dc4eef5a,record 130.44275329063260240.018394711351542580.22793851261665132,test 132222,updated
6765b7d7e776dc03dc4eef5c,rec 150.73795239858942270.84212375352078110.739467907323279cvbc,test 155555,updated
6765b7d7e776dc03dc4eef5e,record 170.232591975451056140.383612892466945960.5779296266033689,test 1777725,updated
