ID,Title,Description
6765b7d7e776dc03dc4eef4e,reco10.26852810650310930.68421557197913720.5266001167759251,test 1111
6765b7d7e776dc03dc4eef4f,record 20.081380203806948440.459872090583489430.6983186086316404,test 2
6765b7d7e776dc03dc4eef50,rec 30.499101780206026470.79275823402113850.3415569530227256254,test 3
6765b7d7e776dc03dc4eef51,record 40.90585107214719730.85403220630834720.3499377649872266,test 4444
6765b7d7e776dc03dc4eef52,record 50.149838536270892050.452526615720090230.3073756994379575,test 5
6765b7d7e776dc03dc4eef53,record 60.22589122895882420.955479069560170.3339902472903373,test 6
6765b7d7e776dc03dc4eef54,reco 70.73847968993298710.11214561572591330.6880992255592477544,test 7777
6765b7d7e776dc03dc4eef55,record 80.54714072159578730.93575156090591040.6849127164771696,test 8
6765b7d7e776dc03dc4eef56,record 90.165391338660624720.371950110421719770.613868893283732,test 9
6765b7d7e776dc03dc4eef57,record 100.0262567554580945830.63262534946000830.9911883845023728,test 10222
6765b7d7e776dc03dc4eef58,record 110.487637676404244940.73238232997883810.40353453524264804,test 11
6765b7d7e776dc03dc4eef59,record 120.77427062222652190.72702987518363570.5371654124236245,test 12
6765b7d7e776dc03dc4eef5a,record 130.44275329063260240.018394711351542580.22793851261665132,test 132222
6765b7d7e776dc03dc4eef5b,record 140.66130782577600280.86486391900100190.8755658063979352,test 14
6765b7d7e776dc03dc4eef78,record 170.232591975451056140.383612892466945960.5779296266033689,test new2
6765b7d7e776dc03dc4eef5c,rec 150.73795239858942270.84212375352078110.739467907323279cvbc,test 155555
6765b7d7e776dc03dc4eef5d,record 160.377179200382335540.59419483828235320.2204269641171679,test 16
6765b7d7e776dc03dc4eef5e,record 170.232591975451056140.383612892466945960.5779296266033689,test 1777725
6765b7d7e776dc03dc4eeh88,record 170.232591975451056140.383612892466945960.5779296266033689,test new1